no,nomor,situs,poktan,desa
1,1/bam/poligon,https://mpo.psp.pertanian.go.id/v.5.1/pelaporan/86390/empty,Tanjung Ronge,Pulau Kijang
2,2/bam/poligon,https://mpo.psp.pertanian.go.id/v.5.1/pelaporan/86391/empty,Tuah Sepakat I,Pulau Kijang
3,3/bam/poligon,https://mpo.psp.pertanian.go.id/v.5.1/pelaporan/86392/empty,Tuah Sepakat II,Pulau Kijang
4,4/bam/poligon,https://mpo.psp.pertanian.go.id/v.5.1/pelaporan/86393/empty,Tuah Saiyo,Pulau Kijang
5,5/bam/poligon,https://mpo.psp.pertanian.go.id/v.5.1/pelaporan/86394/empty,Serumpun Padi,Koto Tuo
6,6/bam/poligon,https://mpo.psp.pertanian.go.id/v.5.1/pelaporan/86395/empty,Perupuk Jaya,Pasar Usang
7,7/bam/poligon,https://mpo.psp.pertanian.go.id/v.5.1/pelaporan/86396/empty,Rawang Pulau Jernih,Pulaumadinah
8,8/bam/poligon,https://mpo.psp.pertanian.go.id/v.5.1/pelaporan/86397/empty,Pematang Salung Indah,Pulaumadinah
9,9/bam/poligon,https://mpo.psp.pertanian.go.id/v.5.1/pelaporan/86398/empty,Rawang Kuwang,Pulaumadinah
10,10/bam/poligon,https://mpo.psp.pertanian.go.id/v.5.1/pelaporan/86399/empty,Jolok Subur,Pulaumadinah
11,11/bam/poligon,https://mpo.psp.pertanian.go.id/v.5.1/pelaporan/86401/empty,Tunas Harapan,Pulaumadinah
12,12/bam/poligon,https://mpo.psp.pertanian.go.id/v.5.1/pelaporan/86402/empty,Lembah Sago,Kampung Tengah
13,13/bam/poligon,https://mpo.psp.pertanian.go.id/v.5.1/pelaporan/86403/empty,Kiambang Terapung,Kampung Tengah
14,14/bam/poligon,https://mpo.psp.pertanian.go.id/v.5.1/pelaporan/86404/empty,Bunga Seroja,Kampung Tengah
15,15/bam/poligon,https://mpo.psp.pertanian.go.id/v.5.1/pelaporan/86405/empty,Rawang Duri,Kampung Tengah
16,16/bam/poligon,https://mpo.psp.pertanian.go.id/v.5.1/pelaporan/86406/empty,Pebatu I,Kepala Pulau
17,17/bam/poligon,https://mpo.psp.pertanian.go.id/v.5.1/pelaporan/86407/empty,Pebatu II,Kepala Pulau
18,18/bam/poligon,https://mpo.psp.pertanian.go.id/v.5.1/pelaporan/86408/empty,Pebatu III,Kepala Pulau
19,19/bam/poligon,https://mpo.psp.pertanian.go.id/v.5.1/pelaporan/86409/empty,Pebatu IV,Kepala Pulau
20,20/bam/poligon,https://mpo.psp.pertanian.go.id/v.5.1/pelaporan/86410/empty,Tabalai Hulu,Kepala Pulau
21,21/bam/poligon,https://mpo.psp.pertanian.go.id/v.5.1/pelaporan/86411/empty,Seroja,Kepala Pulau
22,22/bam/poligon,https://mpo.psp.pertanian.go.id/v.5.1/pelaporan/86412/empty,Kembang Air,Kepala Pulau
23,23/bam/poligon,https://mpo.psp.pertanian.go.id/v.5.1/pelaporan/86413/empty,Jambu Mawar,Kepala Pulau
24,24/bam/poligon,https://mpo.psp.pertanian.go.id/v.5.1/pelaporan/86414/empty,Rawang Duri I,Kepala Pulau
25,25/bam/poligon,https://mpo.psp.pertanian.go.id/v.5.1/pelaporan/86415/empty,Kompe,Kepala Pulau
26,26/bam/poligon,https://mpo.psp.pertanian.go.id/v.5.1/pelaporan/86416/empty,Punggai,Kepala Pulau
27,27/bam/poligon,https://mpo.psp.pertanian.go.id/v.5.1/pelaporan/86417/empty,Mekar  Melati,Gunung
28,28/bam/poligon,https://mpo.psp.pertanian.go.id/v.5.1/pelaporan/86418/empty,Kumpai Harapan,Koto Gunung
29,29/bam/poligon,https://mpo.psp.pertanian.go.id/v.5.1/pelaporan/86419/empty,Mekar Bersama,Koto Gunung
30,30/bam/poligon,https://mpo.psp.pertanian.go.id/v.5.1/pelaporan/86420/empty,Bunga Setangkai,Lubuk Terentang
31,31/bam/poligon,https://mpo.psp.pertanian.go.id/v.5.1/pelaporan/86421/empty,Dani Indah,Petapahan
32,32/bam/poligon,https://mpo.psp.pertanian.go.id/v.5.1/pelaporan/86422/empty,Perupuk,Petapahan
33,33/bam/poligon,https://mpo.psp.pertanian.go.id/v.5.1/pelaporan/86423/empty,Bina Tani,Petapahan
34,34/bam/poligon,https://mpo.psp.pertanian.go.id/v.5.1/pelaporan/86424/empty,Kasai I,Petapahan
35,35/bam/poligon,https://mpo.psp.pertanian.go.id/v.5.1/pelaporan/86425/empty,Kasai II,Petapahan
36,36/bam/poligon,https://mpo.psp.pertanian.go.id/v.5.1/pelaporan/86426/empty,Patik Jintan,Pisang Berebus
37,37/bam/poligon,https://mpo.psp.pertanian.go.id/v.5.1/pelaporan/86427/empty,Suko Damai,Pisang Berebus
38,38/bam/poligon,https://mpo.psp.pertanian.go.id/v.5.1/pelaporan/86428/empty,Harapan Maju,Pulaumungkur
39,39/bam/poligon,https://mpo.psp.pertanian.go.id/v.5.1/pelaporan/86429/empty,Sinar Pagi,Pulaumungkur
40,40/bam/poligon,https://mpo.psp.pertanian.go.id/v.5.1/pelaporan/86430/empty,Jaya Mukti,Pulaurumput
41,41/bam/poligon,https://mpo.psp.pertanian.go.id/v.5.1/pelaporan/86431/empty,Padang Sungkai,Pulaurumput
42,42/bam/poligon,https://mpo.psp.pertanian.go.id/v.5.1/pelaporan/86432/empty,Tunas Baru,Seberang Gunung
43,43/bam/poligon,https://mpo.psp.pertanian.go.id/v.5.1/pelaporan/86433/empty,Harapan Baru,Seberang Gunung
44,44/bam/poligon,https://mpo.psp.pertanian.go.id/v.5.1/pelaporan/86434/empty,Batang Punggai,Siberobah
45,45/bam/poligon,https://mpo.psp.pertanian.go.id/v.5.1/pelaporan/86435/empty,Harapan Jaya,Siberobah
46,46/bam/poligon,https://mpo.psp.pertanian.go.id/v.5.1/pelaporan/86436/empty,Swakarya,Siberobah
47,47/bam/poligon,https://mpo.psp.pertanian.go.id/v.5.1/pelaporan/86437/empty,Polak Pinang,Teberau Panjang
48,48/bam/poligon,https://mpo.psp.pertanian.go.id/v.5.1/pelaporan/86438/empty,Mekar Sari,Teberau Panjang
49,49/bam/poligon,https://mpo.psp.pertanian.go.id/v.5.1/pelaporan/86439/empty,Sakato I,Teberau Panjang
50,50/bam/poligon,https://mpo.psp.pertanian.go.id/v.5.1/pelaporan/86440/empty,Sakato II,Teberau Panjang
51,51/bam/poligon,https://mpo.psp.pertanian.go.id/v.5.1/pelaporan/86441/empty,Kembang Serumpun,Telukberingin
52,52/bam/poligon,https://mpo.psp.pertanian.go.id/v.5.1/pelaporan/86442/empty,Payung Sekaki,Telukberingin
53,53/bam/poligon,https://mpo.psp.pertanian.go.id/v.5.1/pelaporan/86443/empty,Sumber Rezeki,Telukberingin
54,54/bam/poligon,https://mpo.psp.pertanian.go.id/v.5.1/pelaporan/86444/empty,Tunas Harapan,Telukberingin
55,55/bam/poligon,https://mpo.psp.pertanian.go.id/v.5.1/pelaporan/86445/empty,Surya Pagi,Toar
56,56/bam/poligon,https://mpo.psp.pertanian.go.id/v.5.1/pelaporan/86446/empty,Bunga Tanjung,Toar
57,57/bam/poligon,https://mpo.psp.pertanian.go.id/v.5.1/pelaporan/86447/empty,Mayang Terurai,Toar
58,58/bam/poligon,https://mpo.psp.pertanian.go.id/v.5.1/pelaporan/86448/empty,Bunga Padi,Toar
59,59/bam/poligon,https://mpo.psp.pertanian.go.id/v.5.1/pelaporan/86449/empty,Bulan Bintang,Kampung Baru
60,60/bam/poligon,https://mpo.psp.pertanian.go.id/v.5.1/pelaporan/86450/empty,Batu Ampar,Pulaukomang Sentajo
61,61/bam/poligon,https://mpo.psp.pertanian.go.id/v.5.1/pelaporan/86451/empty,Rumbai Koto Tuo,Pulaukomang Sentajo
62,62/bam/poligon,https://mpo.psp.pertanian.go.id/v.5.1/pelaporan/86452/empty,Lekuk Aro Tengku Ale,Pulaukomang Sentajo
63,63/bam/poligon,https://mpo.psp.pertanian.go.id/v.5.1/pelaporan/86453/empty,Rumbai Malapari,Pulaukomang Sentajo
64,64/bam/poligon,https://mpo.psp.pertanian.go.id/v.5.1/pelaporan/86454/empty,Rawang Dalam Baliak Rimbo,Pulaukomang Sentajo
65,65/bam/poligon,https://mpo.psp.pertanian.go.id/v.5.1/pelaporan/86455/empty,Rumbai Ate Lobuah,Pulaukomang Sentajo
66,66/bam/poligon,https://mpo.psp.pertanian.go.id/v.5.1/pelaporan/86456/empty,Jajaran Aro Sajo,Pulaukomang Sentajo
67,67/bam/poligon,https://mpo.psp.pertanian.go.id/v.5.1/pelaporan/86457/empty,Kalimanting Semaung,Pulaukomang Sentajo
68,68/bam/poligon,https://mpo.psp.pertanian.go.id/v.5.1/pelaporan/86458/empty,Tuah Sepakat,Muaro Sentajo
69,69/bam/poligon,https://mpo.psp.pertanian.go.id/v.5.1/pelaporan/86459/empty,Batang Baiduri,Muaro Sentajo
70,70/bam/poligon,https://mpo.psp.pertanian.go.id/v.5.1/pelaporan/86460/empty,Kayu Batu,Muaro Sentajo
71,71/bam/poligon,https://mpo.psp.pertanian.go.id/v.5.1/pelaporan/86461/empty,Batang Benai,Kampungbaru Sentajo
72,72/bam/poligon,https://mpo.psp.pertanian.go.id/v.5.1/pelaporan/86462/empty,Barokah Jaya,Kampungbaru Sentajo
73,73/bam/poligon,https://mpo.psp.pertanian.go.id/v.5.1/pelaporan/86463/empty,Baruah Koto,Koto Sentajo
74,74/bam/poligon,https://mpo.psp.pertanian.go.id/v.5.1/pelaporan/86464/empty,Buriang Indah,Koto Sentajo
75,75/bam/poligon,https://mpo.psp.pertanian.go.id/v.5.1/pelaporan/86465/empty,Titian Bosi,Pulaukopung Sentajo
76,76/bam/poligon,https://mpo.psp.pertanian.go.id/v.5.1/pelaporan/86466/empty,Alai,Pulaukopung Sentajo
77,77/bam/poligon,https://mpo.psp.pertanian.go.id/v.5.1/pelaporan/86467/empty,Balai,Pulaukopung Sentajo
78,78/bam/poligon,https://mpo.psp.pertanian.go.id/v.5.1/pelaporan/86468/empty,Ladang Panjang,Pulaukopung Sentajo
79,79/bam/poligon,https://mpo.psp.pertanian.go.id/v.5.1/pelaporan/86469/empty,Ingin Maju,Koto Benai
80,80/bam/poligon,https://mpo.psp.pertanian.go.id/v.5.1/pelaporan/86470/empty,Insaf K,Koto Benai
81,81/bam/poligon,https://mpo.psp.pertanian.go.id/v.5.1/pelaporan/86471/empty,Harapan Kita,Talontom
82,82/bam/poligon,https://mpo.psp.pertanian.go.id/v.5.1/pelaporan/86472/empty,Insyaf,Talontom
83,83/bam/poligon,https://mpo.psp.pertanian.go.id/v.5.1/pelaporan/86473/empty,Aliran Masa I,Banjar Benai
84,84/bam/poligon,https://mpo.psp.pertanian.go.id/v.5.1/pelaporan/86474/empty,Aliran Masa II,Banjar Benai
85,85/bam/poligon,https://mpo.psp.pertanian.go.id/v.5.1/pelaporan/86475/empty,Mekar Sari,Banjar Benai
86,86/bam/poligon,https://mpo.psp.pertanian.go.id/v.5.1/pelaporan/86476/empty,Danau Kompe,Benai Kecil
87,87/bam/poligon,https://mpo.psp.pertanian.go.id/v.5.1/pelaporan/86477/empty,Sumber Harapan,Gunungkesiangan
88,88/bam/poligon,https://mpo.psp.pertanian.go.id/v.5.1/pelaporan/86478/empty,Bina Usaha,Gunungkesiangan
89,89/bam/poligon,https://mpo.psp.pertanian.go.id/v.5.1/pelaporan/86479/empty,Sumber Rejeki,Gunungkesiangan
90,90/bam/poligon,https://mpo.psp.pertanian.go.id/v.5.1/pelaporan/86480/empty,Keranji Indah,Gunungkesiangan
91,91/bam/poligon,https://mpo.psp.pertanian.go.id/v.5.1/pelaporan/86481/empty,Gulauan Indah,Gunungkesiangan
92,92/bam/poligon,https://mpo.psp.pertanian.go.id/v.5.1/pelaporan/86482/empty,Putri Harapan II,Banjar Lopak
93,93/bam/poligon,https://mpo.psp.pertanian.go.id/v.5.1/pelaporan/86483/empty,Putri Harapan I,Banjar Lopak
94,94/bam/poligon,https://mpo.psp.pertanian.go.id/v.5.1/pelaporan/86484/empty,Sakato,Pulaukalimanting
95,95/bam/poligon,https://mpo.psp.pertanian.go.id/v.5.1/pelaporan/86485/empty,Sinar Pagi,Ujung Tanjung
96,96/bam/poligon,https://mpo.psp.pertanian.go.id/v.5.1/pelaporan/86486/empty,Rawang Perupuk,Ujung Tanjung
97,97/bam/poligon,https://mpo.psp.pertanian.go.id/v.5.1/pelaporan/86487/empty,Kembang Sepakat,Siberakun
98,98/bam/poligon,https://mpo.psp.pertanian.go.id/v.5.1/pelaporan/86488/empty,Kembang Sari,Pulautongah
99,99/bam/poligon,https://mpo.psp.pertanian.go.id/v.5.1/pelaporan/86489/empty,Kembang Harapan,Pulautongah
100,100/bam/poligon,https://mpo.psp.pertanian.go.id/v.5.1/pelaporan/86490/empty,Kubu Sepakat,Simandolak
101,101/bam/poligon,https://mpo.psp.pertanian.go.id/v.5.1/pelaporan/86491/empty,Citra Pertiwi,Simandolak
102,102/bam/poligon,https://mpo.psp.pertanian.go.id/v.5.1/pelaporan/86492/empty,Pulau Gamole,Simandolak
103,103/bam/poligon,https://mpo.psp.pertanian.go.id/v.5.1/pelaporan/86493/empty,Bina Flora,Simandolak
104,104/bam/poligon,https://mpo.psp.pertanian.go.id/v.5.1/pelaporan/86494/empty,Tanah Sira,Simandolak
105,105/bam/poligon,https://mpo.psp.pertanian.go.id/v.5.1/pelaporan/86495/empty,Air Abang,Simandolak
106,106/bam/poligon,https://mpo.psp.pertanian.go.id/v.5.1/pelaporan/86496/empty,Tanah Masak,Simandolak
107,107/bam/poligon,https://mpo.psp.pertanian.go.id/v.5.1/pelaporan/86497/empty,Harapan Baru,Simandolak
108,108/bam/poligon,https://mpo.psp.pertanian.go.id/v.5.1/pelaporan/86498/empty,Sejahtera,Simandolak
109,109/bam/poligon,https://mpo.psp.pertanian.go.id/v.5.1/pelaporan/86499/empty,Tunas Harapan,Simandolak
110,110/bam/poligon,https://mpo.psp.pertanian.go.id/v.5.1/pelaporan/86500/empty,Sarona Jaya,Tebing Tinggi
111,111/bam/poligon,https://mpo.psp.pertanian.go.id/v.5.1/pelaporan/86501/empty,Sempurna,Tebing Tinggi
112,112/bam/poligon,https://mpo.psp.pertanian.go.id/v.5.1/pelaporan/86502/empty,Korput,Tebing Tinggi
113,113/bam/poligon,https://mpo.psp.pertanian.go.id/v.5.1/pelaporan/86503/empty,Nusa Indah,Pulaulancang
114,114/bam/poligon,https://mpo.psp.pertanian.go.id/v.5.1/pelaporan/86504/empty,Melati,Pulaulancang
115,115/bam/poligon,https://mpo.psp.pertanian.go.id/v.5.1/pelaporan/86505/empty,Usaha Bersama,Pulaulancang
116,116/bam/poligon,https://mpo.psp.pertanian.go.id/v.5.1/pelaporan/86506/empty,Bunga Tanjung,Tanjungsimandolak
117,117/bam/poligon,https://mpo.psp.pertanian.go.id/v.5.1/pelaporan/86507/empty,Harapan baru,Tanjungsimandolak
118,118/bam/poligon,https://mpo.psp.pertanian.go.id/v.5.1/pelaporan/86508/empty,Suka damai,Tanjungsimandolak
119,119/bam/poligon,https://mpo.psp.pertanian.go.id/v.5.1/pelaporan/86509/empty,Suka Maju,Pulauingu
120,120/bam/poligon,https://mpo.psp.pertanian.go.id/v.5.1/pelaporan/86510/empty,Sunting Berumpun,Pulauingu
121,121/bam/poligon,https://mpo.psp.pertanian.go.id/v.5.1/pelaporan/86511/empty,Harapan Maju,Pulauingu
122,122/bam/poligon,https://mpo.psp.pertanian.go.id/v.5.1/pelaporan/86512/empty,Mekar Lestari,Pulauingu
123,123/bam/poligon,https://mpo.psp.pertanian.go.id/v.5.1/pelaporan/86513/empty,Panggolan Sejahtera,Pulauingu
124,124/bam/poligon,https://mpo.psp.pertanian.go.id/v.5.1/pelaporan/86514/empty,Mekar Abadi,Pulauingu
125,125/bam/poligon,https://mpo.psp.pertanian.go.id/v.5.1/pelaporan/86515/empty,Simangkako Nogak,Tanjungmedan
126,126/bam/poligon,https://mpo.psp.pertanian.go.id/v.5.1/pelaporan/86516/empty,Simangkako,Tanjungmedan
127,127/bam/poligon,https://mpo.psp.pertanian.go.id/v.5.1/pelaporan/86517/empty,Bungo Tanjung,Tanjungmedan
128,128/bam/poligon,https://mpo.psp.pertanian.go.id/v.5.1/pelaporan/86518/empty,Kayu Paku,Tanjungmedan
129,129/bam/poligon,https://mpo.psp.pertanian.go.id/v.5.1/pelaporan/86519/empty,Karya utama,Sikakak
130,130/bam/poligon,https://mpo.psp.pertanian.go.id/v.5.1/pelaporan/86520/empty,Belakang padang,Sikakak
131,131/bam/poligon,https://mpo.psp.pertanian.go.id/v.5.1/pelaporan/86521/empty,Mandi angin,Sikakak
132,132/bam/poligon,https://mpo.psp.pertanian.go.id/v.5.1/pelaporan/86522/empty,Nyiur Melambai,Sikakak
133,133/bam/poligon,https://mpo.psp.pertanian.go.id/v.5.1/pelaporan/86523/empty,Dangau Sikayan,Sikakak
134,134/bam/poligon,https://mpo.psp.pertanian.go.id/v.5.1/pelaporan/86524/empty,Lubuk potai,Sikakak
135,135/bam/poligon,https://mpo.psp.pertanian.go.id/v.5.1/pelaporan/86525/empty,Rawang Pulai,Koto Cerenti
136,136/bam/poligon,https://mpo.psp.pertanian.go.id/v.5.1/pelaporan/86526/empty,Sawah,Koto Cerenti
137,137/bam/poligon,https://mpo.psp.pertanian.go.id/v.5.1/pelaporan/86527/empty,Maisero,Koto Cerenti
138,138/bam/poligon,https://mpo.psp.pertanian.go.id/v.5.1/pelaporan/86528/empty,Bintuang,Koto Cerenti
139,139/bam/poligon,https://mpo.psp.pertanian.go.id/v.5.1/pelaporan/86529/empty,Tunas Harapan,Pulaubayur
140,140/bam/poligon,https://mpo.psp.pertanian.go.id/v.5.1/pelaporan/86530/empty,Rawang Perahu I,Pulaubayur
141,141/bam/poligon,https://mpo.psp.pertanian.go.id/v.5.1/pelaporan/86531/empty,Rawang Perahu II,Pulaubayur
142,142/bam/poligon,https://mpo.psp.pertanian.go.id/v.5.1/pelaporan/86532/empty,Padang Sero I,Pulaubayur
143,143/bam/poligon,https://mpo.psp.pertanian.go.id/v.5.1/pelaporan/86533/empty,Padang Sero II,Pulaubayur
144,144/bam/poligon,https://mpo.psp.pertanian.go.id/v.5.1/pelaporan/86534/empty,Padang Sero III,Pulaubayur
145,145/bam/poligon,https://mpo.psp.pertanian.go.id/v.5.1/pelaporan/86535/empty,Pelantakan II,Pulaubayur
146,146/bam/poligon,https://mpo.psp.pertanian.go.id/v.5.1/pelaporan/86536/empty,Pelantakan III,Pulaubayur
147,147/bam/poligon,https://mpo.psp.pertanian.go.id/v.5.1/pelaporan/86537/empty,Karya Bakti,Sungaikelelawar
148,148/bam/poligon,https://mpo.psp.pertanian.go.id/v.5.1/pelaporan/86538/empty,Karya Baru,Sungaikelelawar
149,149/bam/poligon,https://mpo.psp.pertanian.go.id/v.5.1/pelaporan/86539/empty,Karya Sehati,Sungaikelelawar
150,150/bam/poligon,https://mpo.psp.pertanian.go.id/v.5.1/pelaporan/86540/empty,Sadar Mulia,Sungaialah
151,151/bam/poligon,https://mpo.psp.pertanian.go.id/v.5.1/pelaporan/86541/empty,Sadar Makmur,Sungaialah
152,152/bam/poligon,https://mpo.psp.pertanian.go.id/v.5.1/pelaporan/86542/empty,Tunas Mekar,Sungaialah
153,153/bam/poligon,https://mpo.psp.pertanian.go.id/v.5.1/pelaporan/86543/empty,Suka Maju,Sungaialah
154,154/bam/poligon,https://mpo.psp.pertanian.go.id/v.5.1/pelaporan/86544/empty,Mekarsari,Sungaipinang
155,155/bam/poligon,https://mpo.psp.pertanian.go.id/v.5.1/pelaporan/86545/empty,Dewi Sri,Sungaipinang
156,156/bam/poligon,https://mpo.psp.pertanian.go.id/v.5.1/pelaporan/86546/empty,Pelita Baru,Sungaipinang
157,157/bam/poligon,https://mpo.psp.pertanian.go.id/v.5.1/pelaporan/86547/empty,Pelita Jaya,Sungaipinang
158,158/bam/poligon,https://mpo.psp.pertanian.go.id/v.5.1/pelaporan/86548/empty,Tunas Harapan,Sungaipinang
159,159/bam/poligon,https://mpo.psp.pertanian.go.id/v.5.1/pelaporan/86549/empty,Dua Sehati,Sungaipinang
160,160/bam/poligon,https://mpo.psp.pertanian.go.id/v.5.1/pelaporan/86550/empty,Semangat Baru,Tanjung
161,161/bam/poligon,https://mpo.psp.pertanian.go.id/v.5.1/pelaporan/86551/empty,Tanjung Indah,Tanjung
162,162/bam/poligon,https://mpo.psp.pertanian.go.id/v.5.1/pelaporan/86552/empty,Kembang Teratai,Tanjung
163,163/bam/poligon,https://mpo.psp.pertanian.go.id/v.5.1/pelaporan/86553/empty,Usaha Baru,Tanjung
164,164/bam/poligon,https://mpo.psp.pertanian.go.id/v.5.1/pelaporan/86554/empty,Wahana Baru,Tanjung
165,165/bam/poligon,https://mpo.psp.pertanian.go.id/v.5.1/pelaporan/86555/empty,Cahaya Indah,Tanjung
166,166/bam/poligon,https://mpo.psp.pertanian.go.id/v.5.1/pelaporan/86556/empty,Rawang Dingin Maju,Tanjung
167,167/bam/poligon,https://mpo.psp.pertanian.go.id/v.5.1/pelaporan/86557/empty,Bina Usaha,Muaro Tombang
168,168/bam/poligon,https://mpo.psp.pertanian.go.id/v.5.1/pelaporan/86558/empty,Tunas Mandiri,Muaro Tombang
169,169/bam/poligon,https://mpo.psp.pertanian.go.id/v.5.1/pelaporan/86559/empty,Jaya Gemilang,Muaro Tombang
170,170/bam/poligon,https://mpo.psp.pertanian.go.id/v.5.1/pelaporan/86560/empty,Rimah Indah,Sungaimanau
171,171/bam/poligon,https://mpo.psp.pertanian.go.id/v.5.1/pelaporan/86561/empty,Bina Mandiri,Sungaimanau
172,172/bam/poligon,https://mpo.psp.pertanian.go.id/v.5.1/pelaporan/86562/empty,Tunas Muda,Sungaimanau
173,173/bam/poligon,https://mpo.psp.pertanian.go.id/v.5.1/pelaporan/86563/empty,Kembang Harapan,Bukit Kauman
174,174/bam/poligon,https://mpo.psp.pertanian.go.id/v.5.1/pelaporan/86564/empty,Tekad Mandiri,Bukit Kauman
175,175/bam/poligon,https://mpo.psp.pertanian.go.id/v.5.1/pelaporan/86565/empty,Tunas Baru,Bukit Kauman
176,176/bam/poligon,https://mpo.psp.pertanian.go.id/v.5.1/pelaporan/86566/empty,Tekad Bersama,Bukit Kauman
177,177/bam/poligon,https://mpo.psp.pertanian.go.id/v.5.1/pelaporan/86567/empty,Teratai,Bukit Kauman
178,178/bam/poligon,https://mpo.psp.pertanian.go.id/v.5.1/pelaporan/86568/empty,Cendrawasi,Kinali
179,179/bam/poligon,https://mpo.psp.pertanian.go.id/v.5.1/pelaporan/86569/empty,Purnama,Kinali
180,180/bam/poligon,https://mpo.psp.pertanian.go.id/v.5.1/pelaporan/86570/empty,Serba Jadi,Kinali
181,181/bam/poligon,https://mpo.psp.pertanian.go.id/v.5.1/pelaporan/86571/empty,Sukses Mandiri,Kinali
182,182/bam/poligon,https://mpo.psp.pertanian.go.id/v.5.1/pelaporan/86572/empty,Bunga Tanjung,Kinali
183,183/bam/poligon,https://mpo.psp.pertanian.go.id/v.5.1/pelaporan/86573/empty,Maulina,Kinali
184,184/bam/poligon,https://mpo.psp.pertanian.go.id/v.5.1/pelaporan/86574/empty,Bakti,Aur Duri
185,185/bam/poligon,https://mpo.psp.pertanian.go.id/v.5.1/pelaporan/86575/empty,Tunas Muda,Aur Duri
186,186/bam/poligon,https://mpo.psp.pertanian.go.id/v.5.1/pelaporan/86576/empty,Maju Bersama,Aur Duri
187,187/bam/poligon,https://mpo.psp.pertanian.go.id/v.5.1/pelaporan/86577/empty,Melati,Banjar Padang
188,188/bam/poligon,https://mpo.psp.pertanian.go.id/v.5.1/pelaporan/86578/empty,Harapan Candi,Sangau
189,189/bam/poligon,https://mpo.psp.pertanian.go.id/v.5.1/pelaporan/86579/empty,Rawang Belibi,Sangau
190,190/bam/poligon,https://mpo.psp.pertanian.go.id/v.5.1/pelaporan/86580/empty,Tunas Baru 1,Banjar Guntung
191,191/bam/poligon,https://mpo.psp.pertanian.go.id/v.5.1/pelaporan/86581/empty,Bunga Tanjung,Banjar Guntung
192,192/bam/poligon,https://mpo.psp.pertanian.go.id/v.5.1/pelaporan/86582/empty,Bakti Ilahi,Banjar Guntung
193,193/bam/poligon,https://mpo.psp.pertanian.go.id/v.5.1/pelaporan/86583/empty,Kebang 3 Serumpun,Banjar Guntung
194,194/bam/poligon,https://mpo.psp.pertanian.go.id/v.5.1/pelaporan/86584/empty,Dwi Indah,Bukitpedusunan
195,195/bam/poligon,https://mpo.psp.pertanian.go.id/v.5.1/pelaporan/86585/empty,Ingin Maju,Bukitpedusunan
196,196/bam/poligon,https://mpo.psp.pertanian.go.id/v.5.1/pelaporan/86586/empty,Saudah,Bukitpedusunan
197,197/bam/poligon,https://mpo.psp.pertanian.go.id/v.5.1/pelaporan/86587/empty,Kumala,Luai
198,198/bam/poligon,https://mpo.psp.pertanian.go.id/v.5.1/pelaporan/86588/empty,Tani Subur,Luai
199,199/bam/poligon,https://mpo.psp.pertanian.go.id/v.5.1/pelaporan/86589/empty,Baru Bangkit,Luai
200,200/bam/poligon,https://mpo.psp.pertanian.go.id/v.5.1/pelaporan/86590/empty,Mekar,Rantau Sialang
201,201/bam/poligon,https://mpo.psp.pertanian.go.id/v.5.1/pelaporan/86591/empty,Tunas Harapan,Rantau Sialang
202,202/bam/poligon,https://mpo.psp.pertanian.go.id/v.5.1/pelaporan/86592/empty,Hidup Baru,Rantau Sialang
203,203/bam/poligon,https://mpo.psp.pertanian.go.id/v.5.1/pelaporan/86593/empty,Bunga Rampai,Rantau Sialang
204,204/bam/poligon,https://mpo.psp.pertanian.go.id/v.5.1/pelaporan/86594/empty,Bangkit Terendam,Seberang Pantai
205,205/bam/poligon,https://mpo.psp.pertanian.go.id/v.5.1/pelaporan/86595/empty,Mandiri,Seberang Pantai
206,206/bam/poligon,https://mpo.psp.pertanian.go.id/v.5.1/pelaporan/86596/empty,Melati Dusun,Seberang Pantai
207,207/bam/poligon,https://mpo.psp.pertanian.go.id/v.5.1/pelaporan/86597/empty,Sri Utama,Seberang Pantai
208,208/bam/poligon,https://mpo.psp.pertanian.go.id/v.5.1/pelaporan/86598/empty,Teratai Putih,Pulaubinjai
209,209/bam/poligon,https://mpo.psp.pertanian.go.id/v.5.1/pelaporan/86599/empty,Serumpun Indah,Pulaubinjai
210,210/bam/poligon,https://mpo.psp.pertanian.go.id/v.5.1/pelaporan/86600/empty,Cahaya Murni,Pulaubinjai
211,211/bam/poligon,https://mpo.psp.pertanian.go.id/v.5.1/pelaporan/86601/empty,Makmur,Pulaubinjai
212,212/bam/poligon,https://mpo.psp.pertanian.go.id/v.5.1/pelaporan/86602/empty,Cahaya Maju,Pulaubinjai
213,213/bam/poligon,https://mpo.psp.pertanian.go.id/v.5.1/pelaporan/86603/empty,Karya Tani,Pulaubinjai
214,214/bam/poligon,https://mpo.psp.pertanian.go.id/v.5.1/pelaporan/86604/empty,Serumpun Padi,Pebaun Hilir
215,215/bam/poligon,https://mpo.psp.pertanian.go.id/v.5.1/pelaporan/86605/empty,Generasi Subur,Pebaun Hilir
216,216/bam/poligon,https://mpo.psp.pertanian.go.id/v.5.1/pelaporan/86606/empty,Generasi Tumbuh kembang,Pebaun Hilir
217,217/bam/poligon,https://mpo.psp.pertanian.go.id/v.5.1/pelaporan/86607/empty,Mulya Tani,Pebaun Hilir
218,218/bam/poligon,https://mpo.psp.pertanian.go.id/v.5.1/pelaporan/86608/empty,Karya Melayu,Pebaun Hulu
219,219/bam/poligon,https://mpo.psp.pertanian.go.id/v.5.1/pelaporan/86609/empty,Tunas Harapan,Pebaun Hulu
220,220/bam/poligon,https://mpo.psp.pertanian.go.id/v.5.1/pelaporan/86610/empty,Tunas Muda,Pebaun Hulu
221,221/bam/poligon,https://mpo.psp.pertanian.go.id/v.5.1/pelaporan/86611/empty,Bunga Rampai,Saik
222,222/bam/poligon,https://mpo.psp.pertanian.go.id/v.5.1/pelaporan/86612/empty,Harapan Baru,Saik
223,223/bam/poligon,https://mpo.psp.pertanian.go.id/v.5.1/pelaporan/86613/empty,Kembang Manis,Saik
224,224/bam/poligon,https://mpo.psp.pertanian.go.id/v.5.1/pelaporan/86614/empty,Melati,Saik
225,225/bam/poligon,https://mpo.psp.pertanian.go.id/v.5.1/pelaporan/86615/empty,Kembang Sepakat,Saik
226,226/bam/poligon,https://mpo.psp.pertanian.go.id/v.5.1/pelaporan/86616/empty,Oriza Sativa,Saik
227,227/bam/poligon,https://mpo.psp.pertanian.go.id/v.5.1/pelaporan/86617/empty,Padang Ulak,Pulauaro
228,228/bam/poligon,https://mpo.psp.pertanian.go.id/v.5.1/pelaporan/86618/empty,Jolok Jaya,Pulauaro
229,229/bam/poligon,https://mpo.psp.pertanian.go.id/v.5.1/pelaporan/86619/empty,Ronge Biru,Pulauaro
230,230/bam/poligon,https://mpo.psp.pertanian.go.id/v.5.1/pelaporan/86620/empty,Kelumpang Bersaudara,Pulauaro
231,231/bam/poligon,https://mpo.psp.pertanian.go.id/v.5.1/pelaporan/86621/empty,Harapan Baru,Pulau Baru
232,232/bam/poligon,https://mpo.psp.pertanian.go.id/v.5.1/pelaporan/86622/empty,Belanti,Pulau Baru
233,233/bam/poligon,https://mpo.psp.pertanian.go.id/v.5.1/pelaporan/86623/empty,Rawang Pauah,Pulau Baru
234,234/bam/poligon,https://mpo.psp.pertanian.go.id/v.5.1/pelaporan/86624/empty,Siruang Indah,Pulau Baru
235,235/bam/poligon,https://mpo.psp.pertanian.go.id/v.5.1/pelaporan/86625/empty,Usaha Tani,Pulau Baru
236,236/bam/poligon,https://mpo.psp.pertanian.go.id/v.5.1/pelaporan/86626/empty,Dewi Sri,Koto Tuo
237,237/bam/poligon,https://mpo.psp.pertanian.go.id/v.5.1/pelaporan/86627/empty,Karya Baru,Jaya
238,238/bam/poligon,https://mpo.psp.pertanian.go.id/v.5.1/pelaporan/86628/empty,Tunas Muda,Jaya
239,239/bam/poligon,https://mpo.psp.pertanian.go.id/v.5.1/pelaporan/86629/empty,Maju Bersama,Kopah
240,240/bam/poligon,https://mpo.psp.pertanian.go.id/v.5.1/pelaporan/86630/empty,Limau Manis,Seberang Taluk Hilir
241,241/bam/poligon,https://mpo.psp.pertanian.go.id/v.5.1/pelaporan/86631/empty,Rawang Rumbai,Seberang Taluk Hilir
242,242/bam/poligon,https://mpo.psp.pertanian.go.id/v.5.1/pelaporan/86632/empty,Sentul,Seberang Taluk Hilir
243,243/bam/poligon,https://mpo.psp.pertanian.go.id/v.5.1/pelaporan/86633/empty,Sadar,Bandar Alai
244,244/bam/poligon,https://mpo.psp.pertanian.go.id/v.5.1/pelaporan/86634/empty,Rawang Pinang,Bandar Alai
245,245/bam/poligon,https://mpo.psp.pertanian.go.id/v.5.1/pelaporan/86635/empty,Rawang Paing,Bandar Alai
246,246/bam/poligon,https://mpo.psp.pertanian.go.id/v.5.1/pelaporan/86636/empty,Rimbo Rawang,Bandar Alai
247,247/bam/poligon,https://mpo.psp.pertanian.go.id/v.5.1/pelaporan/86637/empty,Paing Pinang Sirah,Pulaubanjar Kari
248,248/bam/poligon,https://mpo.psp.pertanian.go.id/v.5.1/pelaporan/86638/empty,Rawang Talolak,Pulaubanjar Kari
249,249/bam/poligon,https://mpo.psp.pertanian.go.id/v.5.1/pelaporan/86639/empty,Rawang Jolok,Pulaubanjar Kari
250,250/bam/poligon,https://mpo.psp.pertanian.go.id/v.5.1/pelaporan/86640/empty,Rawang Jolok II,Pulaubanjar Kari
251,251/bam/poligon,https://mpo.psp.pertanian.go.id/v.5.1/pelaporan/86641/empty,Muda Sepakat,Sitorajo
252,252/bam/poligon,https://mpo.psp.pertanian.go.id/v.5.1/pelaporan/86642/empty,Makmur,Pulaukedundung
253,253/bam/poligon,https://mpo.psp.pertanian.go.id/v.5.1/pelaporan/86643/empty,Seroja Indah,Pulaukedundung
254,254/bam/poligon,https://mpo.psp.pertanian.go.id/v.5.1/pelaporan/86644/empty,Rawang Panjang,Pulaukedundung
255,255/bam/poligon,https://mpo.psp.pertanian.go.id/v.5.1/pelaporan/86645/empty,Koto jaya,Koto Kari
256,256/bam/poligon,https://mpo.psp.pertanian.go.id/v.5.1/pelaporan/86646/empty,Koto Jaya 2,Koto Kari
257,257/bam/poligon,https://mpo.psp.pertanian.go.id/v.5.1/pelaporan/86647/empty,Lokuak Kobau Mati,Koto Kari
258,258/bam/poligon,https://mpo.psp.pertanian.go.id/v.5.1/pelaporan/86648/empty,Muaro Kari Subur,Pulau Godang Kari
259,259/bam/poligon,https://mpo.psp.pertanian.go.id/v.5.1/pelaporan/86649/empty,Sumur Jernih,Pulau Godang Kari
260,260/bam/poligon,https://mpo.psp.pertanian.go.id/v.5.1/pelaporan/86650/empty,Ambacang gading,Pulau Godang Kari
261,261/bam/poligon,https://mpo.psp.pertanian.go.id/v.5.1/pelaporan/86651/empty,Aur Duri,Seberang Taluk
262,262/bam/poligon,https://mpo.psp.pertanian.go.id/v.5.1/pelaporan/86652/empty,Sadar,Seberang Taluk
263,263/bam/poligon,https://mpo.psp.pertanian.go.id/v.5.1/pelaporan/86653/empty,Suka Damai,Seberang Taluk
264,264/bam/poligon,https://mpo.psp.pertanian.go.id/v.5.1/pelaporan/86654/empty,Maju Bersama,Seberang Taluk
265,265/bam/poligon,https://mpo.psp.pertanian.go.id/v.5.1/pelaporan/86655/empty,Suka Maju,Seberang Taluk
266,266/bam/poligon,https://mpo.psp.pertanian.go.id/v.5.1/pelaporan/86656/empty,Lingkok,Munsalo
267,267/bam/poligon,https://mpo.psp.pertanian.go.id/v.5.1/pelaporan/86657/empty,Sitorok,Munsalo
268,268/bam/poligon,https://mpo.psp.pertanian.go.id/v.5.1/pelaporan/86658/empty,Kayu Kolek,Munsalo
269,269/bam/poligon,https://mpo.psp.pertanian.go.id/v.5.1/pelaporan/86659/empty,Rawang Panjang,Munsalo
270,270/bam/poligon,https://mpo.psp.pertanian.go.id/v.5.1/pelaporan/86660/empty,Perigi Jaya,Pulaukumpai
271,271/bam/poligon,https://mpo.psp.pertanian.go.id/v.5.1/pelaporan/86661/empty,Rawang Pinang,Pulaukumpai
272,272/bam/poligon,https://mpo.psp.pertanian.go.id/v.5.1/pelaporan/86662/empty,Sosok Parewan,Pulaukumpai
273,273/bam/poligon,https://mpo.psp.pertanian.go.id/v.5.1/pelaporan/86663/empty,Tanjung Rangga,Pulaukumpai
274,274/bam/poligon,https://mpo.psp.pertanian.go.id/v.5.1/pelaporan/86664/empty,Kubu Jaya,Pulaukumpai
275,275/bam/poligon,https://mpo.psp.pertanian.go.id/v.5.1/pelaporan/86665/empty,Bunga Tanjung,Pulautongah
276,276/bam/poligon,https://mpo.psp.pertanian.go.id/v.5.1/pelaporan/86666/empty,Ombak Nyalo,Pulautongah
277,277/bam/poligon,https://mpo.psp.pertanian.go.id/v.5.1/pelaporan/86667/empty,Ujung Tye Aur Berduri,Koto Pangean
278,278/bam/poligon,https://mpo.psp.pertanian.go.id/v.5.1/pelaporan/86668/empty,Suka Damai,Pauh Angit
279,279/bam/poligon,https://mpo.psp.pertanian.go.id/v.5.1/pelaporan/86669/empty,Suka Damai I,Pauh Angit
280,280/bam/poligon,https://mpo.psp.pertanian.go.id/v.5.1/pelaporan/86670/empty,Suka Maju,Pauh Angit
281,281/bam/poligon,https://mpo.psp.pertanian.go.id/v.5.1/pelaporan/86671/empty,Marabunta,Pauh Angit
282,282/bam/poligon,https://mpo.psp.pertanian.go.id/v.5.1/pelaporan/86672/empty,Seiya Sekata,Pauh Angit Hulu
283,283/bam/poligon,https://mpo.psp.pertanian.go.id/v.5.1/pelaporan/86673/empty,Seiya Sekata I,Pauh Angit Hulu
284,284/bam/poligon,https://mpo.psp.pertanian.go.id/v.5.1/pelaporan/86674/empty,Seiya Sekata II,Pauh Angit Hulu
285,285/bam/poligon,https://mpo.psp.pertanian.go.id/v.5.1/pelaporan/86675/empty,Suka Karya,Pauh Angit Hulu
286,286/bam/poligon,https://mpo.psp.pertanian.go.id/v.5.1/pelaporan/86676/empty,Padi Solok Arai Pinang,Rawang Binjai
287,287/bam/poligon,https://mpo.psp.pertanian.go.id/v.5.1/pelaporan/86677/empty,Karya Maju Serentak,Rawang Binjai
288,288/bam/poligon,https://mpo.psp.pertanian.go.id/v.5.1/pelaporan/86678/empty,Karya Bakti,Sukaping
289,289/bam/poligon,https://mpo.psp.pertanian.go.id/v.5.1/pelaporan/86679/empty,Perintis Baru,Sukaping
290,290/bam/poligon,https://mpo.psp.pertanian.go.id/v.5.1/pelaporan/86680/empty,Pote,Sukaping
291,291/bam/poligon,https://mpo.psp.pertanian.go.id/v.5.1/pelaporan/86681/empty,Suka Maju,Pulaurengas
292,292/bam/poligon,https://mpo.psp.pertanian.go.id/v.5.1/pelaporan/86682/empty,Mekar Harum,Pulaurengas
293,293/bam/poligon,https://mpo.psp.pertanian.go.id/v.5.1/pelaporan/86683/empty,Sepakat Muda,Pulaurengas
294,294/bam/poligon,https://mpo.psp.pertanian.go.id/v.5.1/pelaporan/86684/empty,Elang Pulai,Pembatang
295,295/bam/poligon,https://mpo.psp.pertanian.go.id/v.5.1/pelaporan/86685/empty,Karya Bersama,Pembatang
296,296/bam/poligon,https://mpo.psp.pertanian.go.id/v.5.1/pelaporan/86686/empty,Putri Harapan,Pembatang
297,297/bam/poligon,https://mpo.psp.pertanian.go.id/v.5.1/pelaporan/86687/empty,Tunas Harapan,Pembatang
298,298/bam/poligon,https://mpo.psp.pertanian.go.id/v.5.1/pelaporan/86688/empty,Tombang Makmur,Pembatang
299,299/bam/poligon,https://mpo.psp.pertanian.go.id/v.5.1/pelaporan/86689/empty,Pulai Godang,Pembatang
300,300/bam/poligon,https://mpo.psp.pertanian.go.id/v.5.1/pelaporan/86690/empty,Rimbo Pulai,Pembatang
301,301/bam/poligon,https://mpo.psp.pertanian.go.id/v.5.1/pelaporan/86691/empty,Bakuang Indah,Padang Kunik
302,302/bam/poligon,https://mpo.psp.pertanian.go.id/v.5.1/pelaporan/86692/empty,Sumber Rezki,Padang Kunik
303,303/bam/poligon,https://mpo.psp.pertanian.go.id/v.5.1/pelaporan/86693/empty,Rawang Jambu,Padang Kunik
304,304/bam/poligon,https://mpo.psp.pertanian.go.id/v.5.1/pelaporan/86694/empty,Tunas Muda,Padang Kunik
305,305/bam/poligon,https://mpo.psp.pertanian.go.id/v.5.1/pelaporan/86695/empty,Pauh Dilayang,Telukpauh
306,306/bam/poligon,https://mpo.psp.pertanian.go.id/v.5.1/pelaporan/86696/empty,Puri Indah,Telukpauh
307,307/bam/poligon,https://mpo.psp.pertanian.go.id/v.5.1/pelaporan/86697/empty,Bunga Seroja,Tanah Bekali
308,308/bam/poligon,https://mpo.psp.pertanian.go.id/v.5.1/pelaporan/86698/empty,Bunga Rampai,Tanah Bekali
309,309/bam/poligon,https://mpo.psp.pertanian.go.id/v.5.1/pelaporan/86699/empty,Benteng Sejati,Pulauderas
310,310/bam/poligon,https://mpo.psp.pertanian.go.id/v.5.1/pelaporan/86700/empty,Bina Usaha,Pulauderas
311,311/bam/poligon,https://mpo.psp.pertanian.go.id/v.5.1/pelaporan/86701/empty,Suka Maju,Banjar Nan Tigo
312,312/bam/poligon,https://mpo.psp.pertanian.go.id/v.5.1/pelaporan/86702/empty,Beringin Jaya 1,Banjar Nan Tigo
313,313/bam/poligon,https://mpo.psp.pertanian.go.id/v.5.1/pelaporan/86703/empty,Ujung Karam Subur,Pasar Inuman
314,314/bam/poligon,https://mpo.psp.pertanian.go.id/v.5.1/pelaporan/86704/empty,Ujung Karam Makmur,Pasar Inuman
315,315/bam/poligon,https://mpo.psp.pertanian.go.id/v.5.1/pelaporan/86705/empty,Jambu Merah,Pasar Inuman
316,316/bam/poligon,https://mpo.psp.pertanian.go.id/v.5.1/pelaporan/86706/empty,Takuluk Sutera,Lebuh Lurus
317,317/bam/poligon,https://mpo.psp.pertanian.go.id/v.5.1/pelaporan/86707/empty,Ujung Karam Subur 2,Lebuh Lurus
318,318/bam/poligon,https://mpo.psp.pertanian.go.id/v.5.1/pelaporan/86708/empty,Suka Makmur,Pulaupanjang Hulu
319,319/bam/poligon,https://mpo.psp.pertanian.go.id/v.5.1/pelaporan/86709/empty,Suka Maju,Pulaupanjang Hulu
320,320/bam/poligon,https://mpo.psp.pertanian.go.id/v.5.1/pelaporan/86710/empty,Aur Kuning,Pulaupanjang Hulu
321,321/bam/poligon,https://mpo.psp.pertanian.go.id/v.5.1/pelaporan/86711/empty,Sungai Kitang 1,Bedeng Sikuran
322,322/bam/poligon,https://mpo.psp.pertanian.go.id/v.5.1/pelaporan/86712/empty,Sungai Mengalir,Bedeng Sikuran
323,323/bam/poligon,https://mpo.psp.pertanian.go.id/v.5.1/pelaporan/86713/empty,Rawang Lintahan,Pulausipan
324,324/bam/poligon,https://mpo.psp.pertanian.go.id/v.5.1/pelaporan/86714/empty,Rawang Sebuayo,Pulausipan
325,325/bam/poligon,https://mpo.psp.pertanian.go.id/v.5.1/pelaporan/86715/empty,Rawang Danau,Pulausipan
326,326/bam/poligon,https://mpo.psp.pertanian.go.id/v.5.1/pelaporan/86716/empty,Air Hitam,Pulausipan
327,327/bam/poligon,https://mpo.psp.pertanian.go.id/v.5.1/pelaporan/86717/empty,Rawang Alai,Pulaupanjang Hilir
328,328/bam/poligon,https://mpo.psp.pertanian.go.id/v.5.1/pelaporan/86718/empty,Paluh Kerbau,Pulaupanjang Hilir
329,329/bam/poligon,https://mpo.psp.pertanian.go.id/v.5.1/pelaporan/86719/empty,Rawang Alai 1,Pulaupanjang Hilir
330,330/bam/poligon,https://mpo.psp.pertanian.go.id/v.5.1/pelaporan/86720/empty,Rawang Kalimanting,Seberang Pulau Busuk
331,331/bam/poligon,https://mpo.psp.pertanian.go.id/v.5.1/pelaporan/86721/empty,Rawang Batang,Seberang Pulau Busuk
332,332/bam/poligon,https://mpo.psp.pertanian.go.id/v.5.1/pelaporan/86722/empty,Belukar,Seberang Pulau Busuk
333,333/bam/poligon,https://mpo.psp.pertanian.go.id/v.5.1/pelaporan/86723/empty,Aur Cino,Seberang Pulau Busuk
334,334/bam/poligon,https://mpo.psp.pertanian.go.id/v.5.1/pelaporan/86724/empty,Bersatu Teguh,Pulaubusuk Jaya
335,335/bam/poligon,https://mpo.psp.pertanian.go.id/v.5.1/pelaporan/86725/empty,Kembang Harapan,Pulaubusuk Jaya
336,336/bam/poligon,https://mpo.psp.pertanian.go.id/v.5.1/pelaporan/86726/empty,Ampamg Pahit Subur,Sungaisorik
337,337/bam/poligon,https://mpo.psp.pertanian.go.id/v.5.1/pelaporan/86727/empty,Ampang Pahit Subur Hilir,Sungaisorik
338,338/bam/poligon,https://mpo.psp.pertanian.go.id/v.5.1/pelaporan/86728/empty,Beringin Indah,Sungaisorik
339,339/bam/poligon,https://mpo.psp.pertanian.go.id/v.5.1/pelaporan/86729/empty,Melati Indah,Sungaisorik
340,340/bam/poligon,https://mpo.psp.pertanian.go.id/v.5.1/pelaporan/86730/empty,Padang Bungur,Sungaisorik
341,341/bam/poligon,https://mpo.psp.pertanian.go.id/v.5.1/pelaporan/86731/empty,Dewi Sri,Rawang Oguang
342,342/bam/poligon,https://mpo.psp.pertanian.go.id/v.5.1/pelaporan/86732/empty,Sipan Indah,Rawang Oguang
343,343/bam/poligon,https://mpo.psp.pertanian.go.id/v.5.1/pelaporan/86733/empty,Titian Jingkiu,Rawang Oguang
344,344/bam/poligon,https://mpo.psp.pertanian.go.id/v.5.1/pelaporan/86734/empty,Rawang Kuburan,Lumbok
345,345/bam/poligon,https://mpo.psp.pertanian.go.id/v.5.1/pelaporan/86735/empty,Rawang Terong,Lumbok
346,346/bam/poligon,https://mpo.psp.pertanian.go.id/v.5.1/pelaporan/86736/empty,Rawang Kuku,Pelukahan
347,347/bam/poligon,https://mpo.psp.pertanian.go.id/v.5.1/pelaporan/86737/empty,Rawang Pinang,Pelukahan
348,348/bam/poligon,https://mpo.psp.pertanian.go.id/v.5.1/pelaporan/86738/empty,Ronge Puntung,Pelukahan
349,349/bam/poligon,https://mpo.psp.pertanian.go.id/v.5.1/pelaporan/86739/empty,Titian Kerambil,Pulaubaru
350,350/bam/poligon,https://mpo.psp.pertanian.go.id/v.5.1/pelaporan/86740/empty,Rawang Seroja,Pulaubaru
351,351/bam/poligon,https://mpo.psp.pertanian.go.id/v.5.1/pelaporan/86741/empty,Harapan Tani,Pulauberalo
352,352/bam/poligon,https://mpo.psp.pertanian.go.id/v.5.1/pelaporan/86742/empty,Rw. Cabodak air,Pulauberalo
353,353/bam/poligon,https://mpo.psp.pertanian.go.id/v.5.1/pelaporan/86743/empty,Sumber Rezeki,Pulauberalo
354,354/bam/poligon,https://mpo.psp.pertanian.go.id/v.5.1/pelaporan/86744/empty,Rawang Jambu,Pulauberalo
355,355/bam/poligon,https://mpo.psp.pertanian.go.id/v.5.1/pelaporan/86745/empty,Mega Harapan,Pulaukulur
356,356/bam/poligon,https://mpo.psp.pertanian.go.id/v.5.1/pelaporan/86746/empty,Simpang Tiga,Pulaukulur
357,357/bam/poligon,https://mpo.psp.pertanian.go.id/v.5.1/pelaporan/86747/empty,Padang Jodoh,Tanjung
358,358/bam/poligon,https://mpo.psp.pertanian.go.id/v.5.1/pelaporan/86748/empty,Tepian Limau Manis,Tanjungpisang
359,359/bam/poligon,https://mpo.psp.pertanian.go.id/v.5.1/pelaporan/86749/empty,Lokuok Koto,Koto Rajo
360,360/bam/poligon,https://mpo.psp.pertanian.go.id/v.5.1/pelaporan/86750/empty,R. Surau Padang,Danau
361,361/bam/poligon,https://mpo.psp.pertanian.go.id/v.5.1/pelaporan/86751/empty,R. Torok Mudik,Danau
362,362/bam/poligon,https://mpo.psp.pertanian.go.id/v.5.1/pelaporan/86752/empty,R. Torok Tongah,Danau
363,363/bam/poligon,https://mpo.psp.pertanian.go.id/v.5.1/pelaporan/86753/empty,Cabodak Air I,Danau
364,364/bam/poligon,https://mpo.psp.pertanian.go.id/v.5.1/pelaporan/86754/empty,Cabodak Air II,Danau
365,365/bam/poligon,https://mpo.psp.pertanian.go.id/v.5.1/pelaporan/86755/empty,R. Gunggang,Kasang Limau Sundai
366,366/bam/poligon,https://mpo.psp.pertanian.go.id/v.5.1/pelaporan/86756/empty,Sumber Rezeki,Pangkalan Indarung
367,367/bam/poligon,https://mpo.psp.pertanian.go.id/v.5.1/pelaporan/86757/empty,Sumber Berkah,Pangkalan Indarung
368,368/bam/poligon,https://mpo.psp.pertanian.go.id/v.5.1/pelaporan/86758/empty,Utang Berusaha,Pangkalan Indarung
369,369/bam/poligon,https://mpo.psp.pertanian.go.id/v.5.1/pelaporan/86759/empty,Mekar Sari,Pangkalan Indarung
370,370/bam/poligon,https://mpo.psp.pertanian.go.id/v.5.1/pelaporan/86760/empty,Embun Pagi,Pangkalan Indarung
371,371/bam/poligon,https://mpo.psp.pertanian.go.id/v.5.1/pelaporan/86761/empty,Ujung Pandang,Pangkalan Indarung
372,372/bam/poligon,https://mpo.psp.pertanian.go.id/v.5.1/pelaporan/86762/empty,Sumber Harapan,Pangkalan Indarung
373,373/bam/poligon,https://mpo.psp.pertanian.go.id/v.5.1/pelaporan/86763/empty,Sinar Pagi,Pangkalan Indarung
374,374/bam/poligon,https://mpo.psp.pertanian.go.id/v.5.1/pelaporan/86764/empty,Berkat Rezeki,Pangkalan Indarung
375,375/bam/poligon,https://mpo.psp.pertanian.go.id/v.5.1/pelaporan/86765/empty,Tunas Harapan,Pangkalan Indarung
